-- MySQL dump 10.13  Distrib 8.0.38, for macos14 (arm64)
--
-- Host: twm-database.cds42o62sopa.ap-northeast-1.rds.amazonaws.com    Database: twm
-- ------------------------------------------------------
-- Server version	8.0.35

/*!40101 SET @OLD_CHARACTER_SET_CLIENT=@@CHARACTER_SET_CLIENT */;
/*!40101 SET @OLD_CHARACTER_SET_RESULTS=@@CHARACTER_SET_RESULTS */;
/*!40101 SET @OLD_COLLATION_CONNECTION=@@COLLATION_CONNECTION */;
/*!50503 SET NAMES utf8mb4 */;
/*!40103 SET @OLD_TIME_ZONE=@@TIME_ZONE */;
/*!40103 SET TIME_ZONE='+00:00' */;
/*!40014 SET @OLD_UNIQUE_CHECKS=@@UNIQUE_CHECKS, UNIQUE_CHECKS=0 */;
/*!40014 SET @OLD_FOREIGN_KEY_CHECKS=@@FOREIGN_KEY_CHECKS, FOREIGN_KEY_CHECKS=0 */;
/*!40101 SET @OLD_SQL_MODE=@@SQL_MODE, SQL_MODE='NO_AUTO_VALUE_ON_ZERO' */;
/*!40111 SET @OLD_SQL_NOTES=@@SQL_NOTES, SQL_NOTES=0 */;

--
-- Table structure for table `buttons`
--

DROP TABLE IF EXISTS `buttons`;
/*!40101 SET @saved_cs_client     = @@character_set_client */;
/*!50503 SET character_set_client = utf8mb4 */;
CREATE TABLE `buttons` (
  `id` bigint NOT NULL AUTO_INCREMENT,
  `type_id` bigint DEFAULT NULL,
  `question` text,
  `answer` text,
  PRIMARY KEY (`id`),
  KEY `buttons_type_id_foreign` (`type_id`),
  CONSTRAINT `buttons_type_id_foreign` FOREIGN KEY (`type_id`) REFERENCES `types` (`id`) ON DELETE CASCADE
) ENGINE=InnoDB AUTO_INCREMENT=49 DEFAULT CHARSET=utf8mb4 COLLATE=utf8mb4_0900_ai_ci;
/*!40101 SET character_set_client = @saved_cs_client */;

--
-- Dumping data for table `buttons`
--

LOCK TABLES `buttons` WRITE;
/*!40000 ALTER TABLE `buttons` DISABLE KEYS */;
INSERT INTO `buttons` VALUES (1,1,'A. 如何申辦優惠？','若您已是**台灣大 5G** 用戶，請直接前往**台灣大門市**或以手機直撥**188客服**申辦 **GeForce NOW** 優惠方案。申辦完成後請您至**軟體下載**安裝您所需要的應用程式或 **App**，帳號即為您的**台灣大門號**，若您不知道密碼，可以透過「**忘記密碼**」來設定您的密碼。登入完成後即可使用 **GeForce NOW** 雲端遊戲服務。'),(2,1,'B. 如何修改暱稱？','**若您需要修改暱稱**，請至**會員中心修改**即可。'),(3,1,'C. 如何加入計費？','可以到我們**官方的會員方案**去**選擇您偏好的會員方案**。'),(4,1,'D. 更長遊戲時間？','**Premium 白金方案會員**能有**延長的遊戲時間**，一次最多可以到**六小時**。結束時，您會被排到**優先登入順位**來繼續您原本的遊戲。\n\n**Premium 白金方案會員**沒有**遊玩次數數量的限制**。'),(5,1,'E. 如何查看付費？','您可以去**台灣大 GeForce NOW 會員中心頁面**查詢您**會員方案**。您可以隨時**更改會員帳戶狀態**。'),(6,1,'F. 付費方式有哪些？','目前提供**信用卡**與**台灣大哥大電信帳單**這兩種付費方式。'),(7,1,'G. 白金方案延續？','若未做**取消訂閱**，所有訂閱時的**優惠方案**都可延續，並得以**同樣的優惠價格續訂**。\n\n若您**取消訂閱**後，欲再重新訂購**白金會員年訂方案**，將以**當時價格**為準。'),(8,1,'H. 虛擬ATM或門市繳費？','完成以下【申辦步驟】後即可選擇自己方便的繳費方式：\n\n1. 如果您是**新用戶**，請先於**官網註冊成為會員**：\n   - 點擊右上角【註冊/登入】→進入會員登入畫面後選擇下方【註冊新會員】→填妥真實資料送出→註冊完成！\n\n2. 登入後前往【方案介紹】頁選擇欲申辦方案\n\n3. 於【設定付款方式頁面】選擇【ATM 轉帳】或【門市現金繳費】\n\n4. 於【設定發票資訊】填妥申辦人真實姓名、發票開立通知 Email、發票寄送地址\n\n5. 送出後取得**付款資訊**，可透過手機截圖留存此頁面並使用 **ATM**、**網路銀行轉帳**及**直營門市繳費**\n\n6. 成功付款後請等候約 **3 ~ 5 分鐘**即可重新登入會員中心確認會員資格狀態是否生效囉~\n\n---\n\n**注意事項**：\n\n- 直營門市**現金付款方式**不限台哥大用戶使用，網外用戶也可使用。\n- 付款資訊產出後須**盡快完成付款**，未於**第二天晚間12點前付款**將逾期失效。\n- 付款前務必確認**付款金額及帳號**是否與繳款資訊相同，否則將導致繳款失敗。\n- 關閉付款分頁後仍可在您申請會員的 **Email 信箱**及 **GFN 官網會員中心**的訂單交易明細中查看訂單資訊，因此務必確實填妥信箱資料。\n- **ATM 及門市現金付款**申辦之方案將**無法綁定續扣**，當期結束後即回到 **Basic 方案**；部份優惠碼申辦之方案僅能享有首期優惠且暫時**無法續扣**，若想持續享有續扣優惠，建議於本官網選擇綁定**信用卡**或**電信帳單**申辦以享有長期續扣優惠。\n- **ATM 及門市現金付款**申辦之方案將**現階段尚無退款機制**。'),(9,2,'A. 什麼是 GeForce NOW？','**GeForce NOW** 是 **NVIDIA** 最新推出的**雲端遊戲服務**，您可以透過**筆電**、**電腦**、**Mac**、或 **Android 裝置**即時線上玩 **3A 級遊戲**。\n\n您的遊戲帳戶會直接透過**雲端伺服器**存取**遊戲商店內的遊戲庫**或**免費遊戲**。突破硬體規格的限制，GeForce NOW 雲端存取您遊戲的進度，隨時隨地透過**支援設備**更新遊戲。'),(10,2,'B. 現在有什麼遊戲？','可以到我們的**遊戲列表**來看現在有什麼可以玩的遊戲。'),(11,3,'A. 應用程式需更新？','只需於**第一次下載安裝 GeForce NOW 應用程式**。之後應用程式的**更新**，將會都由 **NVIDIA GeForce NOW**自動線上執行。'),(12,3,'B. 有辦法語音溝通？','有，支援最新的**Apple Mac** 和 **Windows PC** 裡的**內建遊戲麥克風**。玩家可以透過**藍芽**，或**有線麥克風**在遊戲中和朋友或隊友直接語音溝通。'),(13,3,'C. 為什麼遊戲無中文？','有一些遊戲所支援的語言可以透過**設定**去改變語言選擇，但有些沒有支援。**NVIDIA GeForce NOW** 團隊會持續更新，把語言支援到更多遊戲裡。'),(14,3,'D. 如何安裝遊戲？','遊戲必需由**數位遊戲商店平台**購買。您會需要先**確認您擁有遊戲權限**，才可以在 **GeForce NOW** 上遊玩。也須請您先**接受授權相關同意條款**，**GeForce NOW** 才能執行**下載遊戲安裝**。'),(15,3,'E. 如何啟動遊戲？','首先，您可以**搜尋您想玩的遊戲**，並**加到您 GeForce NOW 遊戲庫**。加入之後，您可以**按遊戲名字來讀取並且啟動遊戲**，**GeForce NOW** 將會在**雲端伺服器**上，下載儲存玩家的遊戲內容。\n\n看起來是透過玩家的**硬體裝置**在執行遊戲，不過實際上是 **GeForce NOW** 的大量 **GPU** 在進行運算，您的電腦僅透過**網路**在雲端做內容的讀取和播放。'),(16,3,'F. 支援遊戲手把？','可以，請閱讀我們**系統需求**來了解完整的支援硬體設備。'),(17,3,'G. 如何重新下載？','您可以去我們的**軟體下載**頁面下載。'),(18,4,'A. 哪些 Android 適用？','我們支援 **2GB 記憶體**和 **5.0(L) 或更新的 Android 手機**。請注意在 Android 手機的**雲端串流**會快速消耗手機的數據。我們建議您使用 **5GHz 的 WiFi 環境**來達到優化的遊戲體驗。'),(19,4,'B. 如何啟動遊戲？','當您用手機至**GeForce NOW APP**登入您的**台灣大 GeForce NOW 帳戶**後，即可透過您的**遊戲庫內的遊戲目錄**來繼續遊玩與啟動遊戲。\n\n為了擁有更佳的遊戲體驗，我們建議您使用**遊戲手把**，配合 Android 手機遊玩遊戲。\n\n*注意: 有些遊戲可能要求連接遊戲手把或無線鍵盤/滑鼠。*'),(20,4,'C. 為何存取音訊？','**Android 系統**會要求權限來存取您的**麥克風**，玩家必須**給予權限**才能使用語音聊天室。您的**語音不會被記錄保存**。'),(21,5,'A. 為何遊戲不能玩？','**GeForce NOW** 會遵循當地政府的**遊戲內容法規**來提供玩家遊戲。除了一些有特別國家法規禁止的遊戲，我們會盡量把所有的遊戲讓各個國家的玩家都可以體驗。\n\n請使用我們在**支援遊戲相關介面**的搜尋引擎來查詢相關資訊。'),(22,5,'B. 需自行購買遊戲？','您可以任意遊玩在 **GeForce NOW** 目前提供的多種**免費遊戲**。其他遊戲則是需要遊戲玩家自行擁有或購買**數位遊戲商店平台**有 **GeForce NOW** 支援的遊戲。'),(23,5,'C. 如何回報遊戲問題？','您可以至**我要發問**，或是到 **GeForce NOW App** 分享遊戲功能的相關問題。您的**使用經驗回饋**將驅使我們創造更好的產品！'),(24,5,'D. 為何有下載畫面？','由於少部分遊戲因為 **DLC 數量較多**，所以在第一次遊玩時會需要些時間進行**雲端下載**；又或是有時遊戲**更新檔過大**，在 **GFN 更新**後首次遊玩，也會需要些時間下載更新檔。以下舉【巫師３：狂獵】為例：\n\n**一般遊戲開啟流程**：\n1. 搜尋【巫師３：狂獵】\n2. 點擊「玩遊戲」\n3. 連接至 **Steam** 並輸入帳號密碼\n4. 成功載入遊戲頁面\n5. 遊戲會自動開啟 / 點擊「開始遊戲」，進入遊戲遊玩！\n\n**需重大更新或加載 DLC 的遊戲開啟流程**：\n1. 搜尋【巫師３：狂獵】\n2. 點擊「玩遊戲」\n3. 連接至 **Steam** 並輸入帳號密碼\n4. 成功載入遊戲頁面\n5. 若顯示「安裝」，則手動完成安裝\n6. 最後點擊「執行遊戲」，進入遊戲遊玩！'),(25,5,'E. 為何遊戲無中文？','針對部分遊戲無法使用**中文**遊玩的情形進行說明（例如：**Starfield 星空**、**PAYDAY 3**、**世紀帝國 4**等遊戲）。\n\n由於 **GFN** 的遊戲語言預設是依據用戶的**遊玩裝置系統語言**進行設置，若用戶的裝置系統語言已設定為中文，但啟動遊戲後遊戲內容仍顯示為英文，且無法手動在遊戲內更改語言者，則表示目前 **GFN 系統**尚未支援以**中文**遊玩該遊戲。此語言中文化支援是需要**遊戲原廠**提供相關設定，**GFN** 將會持續向遊戲原廠反映與溝通，期望盡快提供其支援中文化相關設定以提升遊玩體驗。\n\n若用戶是以 **PC** 遊玩，且遊戲是從 **Steam** 平台購入，建議可嘗試以下步驟將遊戲切換成中文：\n\n*此方式為手動切換中文語言，非所有遊戲適用；其他遊戲平台及裝置若以此方式仍無法切換者，則須待遊戲原廠提供 **GFN** 相關語言中文化等設定。*\n\n**以遊戲 PAYDAY 3 手動中文化為例進行設定步驟**：\n\n1. 啟動 **Steam** 並運行任一款遊戲。\n2. 遊戲啟動後跳回 **GFN** 執行 **PAYDAY 3**。\n3. 跳出 **Steam 商店頁**後，選擇【設定】 > 【內容】，選取更改**中文語言**，並等候 **PAYDAY 3**啟動。'),(26,6,'A. 時數用完怎麼辦？','**鈦金方案**月訂三十小時的時數於當期結束前用盡後仍可繼續使用**鈦金方案規格**遊玩，但無法選擇**最高幀率**與**解析度**體驗遊戲。為避免尖峰時段出現排隊狀況，可自行調降至**白金方案** **GeForce RTX 20 系列**以加速列隊遊玩。\n\n而**鈦金方案日訂五小時**的時數用盡後，同**鈦金月訂方案**時數用盡之狀況，待方案終止後該帳號將使用**基本方案**繼續遊玩。\n\n同時您可以選擇**加購鈦金方案時數**，持續享有**鈦金方案之權益**。'),(27,6,'B. 白金方案可升鈦金？','由於目前**鈦金方案**為獨立方案，暫無提供長約期方案且系統限制下尚無法直接由原帳號**白金方案**直接升級**鈦金方案**，建議用戶：\n\n1. **新申辦一組帳號**訂閱鈦金方案，以保留原**白金方案帳號**所享有的特惠方案；\n2. 或至官網**會員中心**取消原帳號**白金會員續訂**，若不想重新申辦一組帳號，則可待原帳號之**白金方案期滿後**再申辦**鈦金方案**。'),(28,6,'C. 為何無1440P/120FPS？','啟用**鈦金方案**後請至 **GFN 設定內** > **串流品質** > **自訂**，即可自行更改**分辨率**及 **FPS**。更改完畢後再**重啟遊戲**即可。'),(29,6,'D. 鈦金方案顯示 RTX 3080？','**鈦金方案**用戶享有 **GeForce RTX 30 系列等級伺服器**進行遊戲，最高規格為 **GeForce RTX 3080**。當期**鈦金方案時數**用盡或線上同時湧入眾多鈦金會員造成伺服器滿載時，為避免出現排隊狀況，將會為會員配置 **GeForce RTX 3060** 效能等級或降轉至**白金方案 GeForce RTX 20**效能等級以供遊玩。'),(30,6,'E. 各裝置解析度？','- **PC**：1440P/120FPS (4K/60FPS)  \n- **MAC**：1440P/120FPS (4K/60FPS)  \n- **Android 手機/平板**：1080P/120FPS  \n- **iOS 手機/平板**：720P/60FPS  \n- **NVIDIA Shield TV**：1080P/60FPS (4K/60FPS)  \n\n此外也須留意所使用的**硬體設備規格**是否達以上之使用需求。'),(31,7,'A. 如何申請寬頻優惠？','請直接前往**凱擘大寬頻**/**台灣大寬頻**門市或以手機直撥**凱擘大寬頻0809-006-899**/**台灣大寬頻0809-000-258**客服申辦優惠方案，**官網**及**網路門市**也可申請。'),(32,7,'B. 優惠限制條件？','須符合**凱擘大寬頻**/**台灣大寬頻**旗下**有線電視**的經營區域之用戶。'),(33,7,'C. 如何透過機上盒使用？','您可以按照以下步驟透過**數位機上盒**使用 **GeForce NOW** 應用程式：\n\n1. 於數位機上盒首頁選擇「**雲端遊戲**」服務，打開 **GeForce NOW** 應用程式。\n2. 選擇「**登入**」後請使用行動裝置掃描螢幕上出現之 **QR Code**。\n3. 在行動裝置畫面上輸入並提交電視螢幕顯示之**8 碼隨機驗證碼**，行動裝置頁面便會跳轉至**台灣大哥大 GeForce NOW**登入頁面。\n4. 於登入畫面下方「**其他帳號登入**」選擇登入方式（例如：**凱擘大寬頻**）。\n5. 跳轉完頁面後，於該頁面填寫**身分證號**與**手機號碼**，點選「**登入**」完成登入動作。\n6. 選擇您的遊戲，並且開始遊玩!!!'),(34,7,'D. 機上盒需訂閱？','若您已經是**台灣大哥大 GeForce NOW** 會員，僅需要使用 **GeForce NOW** 的會員帳號密碼即可登錄遊玩，無須額外訂閱。'),(35,7,'E. 訂閱可在其他裝置用？','可以的，只要是訂閱**台灣大哥大 GeForce NOW** 的會員，便可以同時在各種支援的裝置上登入並且遊玩，惟**同一時間僅提供一個裝置遊玩**。'),(36,7,'F. 機上盒遊玩有限制？','您可以透過查看官網中的「**系統需求**」，確認您欲使用的手把是否有支援，惟實際情況仍須視您實際遊玩後為準。'),(37,7,'G. 遊玩時問題求助？','於問題發生當下第一時間，您可以於 **GeForce NOW** 官網會員中心內的「**我要發問**」向客服詢問解決辦法，惟作業處理需要些時間，回覆處理待以客服部門工作時間為主（**週一至週五 9:00~18:00**，例假日除外）。'),(38,8,'A. 為何有下載畫面？','由於少部分遊戲因為**DLC**數量較多，所以在第一次遊玩時會需要些時間進行雲端下載，又或是有時遊戲更新檔過大，在**GFN**更新後首次遊玩，也會需要些時間下載更新檔，以下就舉【巫師 3：狂獵】為例：\n\n1. **步驟 1**：於**GFN**中找到【巫師 3：狂獵】。  \n2. **步驟 2**：連接至**Steam**，輸入帳號密碼。  \n3. **步驟 3-1**：一般遊戲若無重大更新或加載**DLC**的話，則能成功進入載入頁面，等待遊戲自動開啟，或是手動「**開始遊戲**」後，進入遊戲遊玩！  \n	**步驟 3-2**：若有需重大更新或加載**DLC**的遊戲，開啟時則會顯示需要「**安裝**」，點擊安裝進行下一步。  \n4. **步驟 4**：待下載完成後，點擊「**完成**」>「**開始遊戲**」，進入遊戲遊玩！'),(47,3,'H. 如何退費','請至實體門市諮詢');
/*!40000 ALTER TABLE `buttons` ENABLE KEYS */;
UNLOCK TABLES;

--
-- Table structure for table `categories`
--

DROP TABLE IF EXISTS `categories`;
/*!40101 SET @saved_cs_client     = @@character_set_client */;
/*!50503 SET character_set_client = utf8mb4 */;
CREATE TABLE `categories` (
  `id` int NOT NULL AUTO_INCREMENT,
  `category` varchar(255) DEFAULT NULL,
  `url` varchar(255) DEFAULT NULL,
  PRIMARY KEY (`id`)
) ENGINE=InnoDB AUTO_INCREMENT=5 DEFAULT CHARSET=utf8mb4 COLLATE=utf8mb4_0900_ai_ci;
/*!40101 SET character_set_client = @saved_cs_client */;

--
-- Dumping data for table `categories`
--

LOCK TABLES `categories` WRITE;
/*!40000 ALTER TABLE `categories` DISABLE KEYS */;
INSERT INTO `categories` VALUES (1,'geforce now 最新消息','https://gfn.taiwanmobile.com/portal/news'),(2,'geforce now 快速入門','https://gfn.taiwanmobile.com/portal/quickstart/#sectionInstall'),(3,'geforce now 訂閱方案','https://gfn.taiwanmobile.com/portal/pricing?category=F'),(4,'geforce now 常見問題',NULL);
/*!40000 ALTER TABLE `categories` ENABLE KEYS */;
UNLOCK TABLES;

--
-- Table structure for table `personality`
--

DROP TABLE IF EXISTS `personality`;
/*!40101 SET @saved_cs_client     = @@character_set_client */;
/*!50503 SET character_set_client = utf8mb4 */;
CREATE TABLE `personality` (
  `id` bigint NOT NULL AUTO_INCREMENT,
  `description` varchar(255) DEFAULT NULL,
  PRIMARY KEY (`id`)
) ENGINE=InnoDB AUTO_INCREMENT=14 DEFAULT CHARSET=utf8mb4 COLLATE=utf8mb4_0900_ai_ci;
/*!40101 SET character_set_client = @saved_cs_client */;

--
-- Dumping data for table `personality`
--

LOCK TABLES `personality` WRITE;
/*!40000 ALTER TABLE `personality` DISABLE KEYS */;
INSERT INTO `personality` VALUES (1,'你是一位台灣大哥大的 GeForce Now 客服人員，專職於回答 GeForce Now 相關問題。'),(2,'語氣 : 親切且專業，具體化用戶的問題，並用簡單易懂的語言解釋技術性問題'),(3,'態度 : 耐心、友善，確保用戶理解解決方案'),(4,'溝通風格 : 1. 清晰且直接：避免使用過於技術性的術語，確保用戶能夠理解。 2. 親和力強：以用戶為中心，總是站在用戶的角度考慮問題。 3. 專業可靠：展示對技術的了解，讓用戶感到放心和信任。'),(5,'所有最新活動與詳細資訊都可以在此網站找到：https://www.nvidia.com/zh-tw/geforce-now/。回應規則：只能回答以上網站有出現的資訊，對於與 GeForce Now 無關的問題，不作任何回答。'),(6,'若使用者反映問題無法解決，請提供以下資源：客服表單：https://twm-appworks.com/customer_service_form.html官方網站：https://gfn.taiwanmobile.com/portal/index'),(7,'當使用者用英文詢問時，直接用英文回答，不需用中文解釋或說明自己會英文。若使用者用其他語言詢問，依據該語言回應，但只回答與 GeForce Now 相關的問題。'),(8,'如果使用者的問題在網站上有答案，直接提供對應的連結。如果問題超出你可以回答的範圍，提供客服表單或官網連結。'),(9,'使用者問類似『為何geforce now一直轉圈圈無法登入？』或是登入流程的任何問題，請你這樣回答：『若您是第一次登入，請確保您在官網已經完成註冊流程：1. 完成手機簡訊驗證 2. 主動選擇免費方案（預設是沒有任何方案的），更詳細的步驟請參考『Ｇeforce Now 快速入門』。'),(10,'使用者詢問『連結遊戲帳戶：平台 Ubisoft, Epic Games 及 Steam 帳號』的相關問題，請你這樣回答：『請進入您下載的Geforce now軟體，點選左上角的功能表，選擇『設定』，即可連結遊戲帳戶』'),(11,'使用者詢問『我要怎麼進入遊戲？』的相關問題，請你這樣回答：『點擊您想玩的遊戲後，點選『標示為已擁有』按鈕，不一定要同步您的steam帳戶也可以遊玩，因此若遇到無法同步的問題可以選擇『現在不要』。之後看到『您是否擁有這款遊戲？』的問題，若您玩的是免費版遊戲，可以直接點選『是的，繼續』，若您玩的是付費版遊戲，請先至遊戲平台做購買』');
/*!40000 ALTER TABLE `personality` ENABLE KEYS */;
UNLOCK TABLES;

--
-- Table structure for table `records`
--

DROP TABLE IF EXISTS `records`;
/*!40101 SET @saved_cs_client     = @@character_set_client */;
/*!50503 SET character_set_client = utf8mb4 */;
CREATE TABLE `records` (
  `id` bigint NOT NULL AUTO_INCREMENT,
  `user_id` bigint DEFAULT NULL,
  `question` text,
  `response` text,
  `session_id` char(36) DEFAULT NULL,
  `time` timestamp NULL DEFAULT CURRENT_TIMESTAMP,
  PRIMARY KEY (`id`),
  KEY `records_user_id_foreign` (`user_id`),
  CONSTRAINT `records_user_id_foreign` FOREIGN KEY (`user_id`) REFERENCES `users` (`id`)
) ENGINE=InnoDB AUTO_INCREMENT=144 DEFAULT CHARSET=utf8mb4 COLLATE=utf8mb4_0900_ai_ci;
/*!40101 SET character_set_client = @saved_cs_client */;

--
-- Dumping data for table `records`
--

LOCK TABLES `records` WRITE;
/*!40000 ALTER TABLE `records` DISABLE KEYS */;
INSERT INTO `records` VALUES (3,1,'HI','您好！有什麼我可以幫您解答的問題嗎？','5b453baa-3509-408a-9c65-254be5f61ab9','2024-09-03 09:25:59'),(4,1,'hi','您好！有什麼我可以幫您解答的問題嗎？','ce873917-4c0e-47d5-a260-a6fa179323c6','2024-09-03 09:25:59'),(5,1,'hi','您好！有什麼我可以幫您解答的問題嗎？','c9649812-c24f-4d67-9252-f0bda3b1ce96','2024-09-03 09:25:59'),(6,1,'hi','您好！有什麼我可以幫您解答的問題嗎？','6fb6d2b9-77da-4a3c-b2ee-dd61594e757c','2024-09-03 09:25:59'),(7,1,'妳好','您好！有什麼我可以幫您解決的問題嗎？','ba304880-fa03-4ead-b901-9c3266dfef80','2024-09-03 09:25:59'),(8,1,'妳好','您好！有什麼我可以幫您解答的問題嗎？','7c1ba09d-54b2-4099-b1ee-6bda0087e72e','2024-09-03 09:25:59'),(9,1,'妳好','您好！有什麼我可以幫您解決的問題嗎？','31e7d784-570c-4823-abad-9203e8b62fab','2024-09-03 09:25:59'),(11,1,'no','Hello! How can I assist you today?','549cea25-f360-4538-8dd1-fa4606e70e07','2024-09-03 09:25:59'),(12,1,'你好','您好！有什麼我可以幫您解決的問題嗎？','549cea25-f360-4538-8dd1-fa4606e70e07','2024-09-03 09:25:59'),(13,1,'謝謝你','不客氣！如果還有其他問題或需要幫助的地方，隨時告訴我！','549cea25-f360-4538-8dd1-fa4606e70e07','2024-09-03 09:25:59'),(14,1,'嗨','寶貝，您好！有什麼我可以幫您解決的問題嗎？','d66de357-f0ae-48a6-b278-45d48af08a9c','2024-09-03 09:25:59'),(15,1,'嗨','寶貝，您好！有什麼我可以幫您解答的問題嗎？','4e79c1b4-8c34-4018-b14e-3a8b4dfa5fcc','2024-09-03 09:25:59'),(16,1,'嗨','寶貝，您好！有什麼我可以幫您解答的問題嗎？','1e7b7d67-1594-47bf-9d71-9c7831141166','2024-09-03 09:25:59'),(17,1,'您好','親愛的寶貝，您好！有什麼我可以幫您解決的問題嗎？','de56fcf6-5022-4a0b-97a1-7a245ecbf829','2024-09-03 09:25:59'),(18,1,'您好','寶貝，您好！有什麼我可以幫您解決的問題嗎？','de56fcf6-5022-4a0b-97a1-7a245ecbf829','2024-09-03 09:25:59'),(19,1,'嗨','您好！有什麼我可以幫您解決的問題嗎？','de56fcf6-5022-4a0b-97a1-7a245ecbf829','2024-09-03 09:25:59'),(20,1,'是否有客服表單','是的，您可以使用客服表單來提交您的問題或需求。請點擊以下連結以填寫客服表單：[客服表單](https://twm-appworks.com/customer_service_form.html)。如果您有其他問題，也歡迎隨時詢問！','cd0db304-66aa-4219-94ba-7fc62de54d5e','2024-09-03 09:25:59'),(21,1,'是否有客服表單','是的，您可以填寫客服表單以獲得進一步的協助。請使用以下連結訪問客服表單：[客服表單](https://twm-appworks.com/customer_service_form.html)。如果您有任何問題，隨時可以告訴我！','05a3b3cd-22be-495c-bef4-c69fea49b582','2024-09-03 09:25:59'),(22,1,'下載軟體','您可以前往我們的[軟體下載頁面](https://gfn.taiwanmobile.com/portal/index)來下載 GeForce NOW 的應用程式。請根據您的裝置選擇相應的版本進行下載和安裝。如果您有任何問題，隨時可以詢問我！','73685699-3879-446d-b901-6593f4bc9cdd','2024-09-03 09:25:59'),(23,1,'下載軟體以後登入一直轉ㄝ','如果您在下載 GeForce NOW 軟體後登入時一直轉圈，可能是由於以下幾個原因：\n\n1. **網路連接問題**：請確認您的網路連接是否穩定，建議使用有線網路或穩定的 Wi-Fi 連接。\n\n2. **伺服器問題**：有時候伺服器可能會出現問題，您可以稍後再試一次。\n\n3. **應用程式更新**：確保您下載的應用程式是最新版本，您可以嘗試重新下載並安裝最新版本的 GeForce NOW。\n\n4. **防火牆或安全軟體**：某些防火牆或安全軟體可能會阻止 GeForce NOW 的連接，您可以檢查相關設定。\n\n如果以上方法都無法解決問題，建議您填寫客服表單以獲得進一步的協助：[客服表單連結](https://twm-appworks.com/customer_service_form.html)。','73685699-3879-446d-b901-6593f4bc9cdd','2024-09-03 09:25:59'),(24,1,'我是不是因為是免費版所以要排隊','是的，使用免費版的 GeForce NOW 會員在高峰時段可能會遇到排隊的情況。免費版的用戶在伺服器資源分配上會優先於付費會員，因此在遊玩時可能需要等待。如果您希望獲得更快的連接和更長的遊戲時間，建議考慮升級到 Premium 白金方案或鈦金方案。這樣可以享有更高的優先權和更好的遊戲體驗！如果您有其他問題，隨時可以詢問我！','73685699-3879-446d-b901-6593f4bc9cdd','2024-09-03 09:25:59'),(25,1,'平台 Ubisoft, Epic Games 及 Steam 帳號綁定教學\n這幾個平台我都沒有','如果您沒有 Ubisoft、Epic Games 或 Steam 帳號，您需要先在這些平台上註冊帳號，然後才能將它們與 GeForce NOW 綁定。以下是每個平台的註冊步驟：\n\n1. **Ubisoft**:\n   - 前往 [Ubisoft 官方網站](https://www.ubisoft.com)。\n   - 點擊右上角的「登入」或「註冊」。\n   - 選擇「創建一個新帳號」，然後按照指示填寫所需的資訊。\n\n2. **Epic Games**:\n   - 前往 [Epic Games 官方網站](https://www.epicgames.com)。\n   - 點擊右上角的「登入」或「註冊」。\n   - 選擇「創建帳號」，然後按照指示填寫所需的資訊。\n\n3. **Steam**:\n   - 下載並安裝 [Steam 客戶端](https://store.steampowered.com/about/)。\n   - 打開 Steam 客戶端，然後點擊「創建一個新帳號」。\n   - 按照指示填寫所需的資訊。\n\n註冊完成後，您可以在 GeForce NOW 中綁定這些帳號。若您需要進一步的綁定教學，請告訴我！','73685699-3879-446d-b901-6593f4bc9cdd','2024-09-03 09:25:59'),(26,1,'這樣我不知道我要註冊哪個誒','如果您不確定要註冊哪個帳號，這裡有一些建議：\n\n1. **Ubisoft**：如果您想玩 Ubisoft 的遊戲（例如《刺客教條》、《孤島驚魂》等），您需要註冊 Ubisoft 帳號。\n\n2. **Epic Games**：如果您對 Epic Games 的遊戲（例如《堡壘之夜》、《無主之地3》等）感興趣，則需要註冊 Epic Games 帳號。\n\n3. **Steam**：如果您想玩 Steam 平台上的遊戲（例如《Dota 2》、《絕地求生》等），則需要註冊 Steam 帳號。\n\n您可以根據您想玩的遊戲來選擇註冊相應的帳號。如果您有特定的遊戲想要玩，可以告訴我，我可以幫您更具體地建議！','73685699-3879-446d-b901-6593f4bc9cdd','2024-09-03 09:25:59'),(27,1,'嗎？還是我只要註冊就好','若您是新用戶，您需要先在官網註冊成為會員，然後才能申辦 GeForce NOW 的優惠方案。註冊完成後，您可以選擇您想要的會員方案並進行申辦。若有任何問題，歡迎隨時詢問！','1165c29b-cd7b-4b61-8e0d-b665bc217741','2024-09-03 09:25:59'),(28,1,'那我需要下載steam嗎？還是我只要註冊就好','您需要下載 Steam，因為 GeForce NOW 會透過 Steam 平台來運行您所購買的遊戲。您可以先在 Steam 上註冊帳號，然後下載 Steam 客戶端，接著在 GeForce NOW 中登入您的台灣大哥大帳號，並連接到您的 Steam 帳號來啟動遊戲。','895ab3fa-373a-42aa-a49a-45f10582bb96','2024-09-03 09:25:59'),(29,1,'那他雲端的意義在哪','GeForce NOW 的雲端遊戲服務意義在於讓玩家能夠不受硬體限制，隨時隨地透過各種支援設備（如筆電、電腦、Mac 或 Android 裝置）來遊玩高品質的 3A 級遊戲。以下是幾個主要的優點：\n\n1. **硬體需求降低**：玩家不需要擁有高端的遊戲電腦或主機，因為遊戲運行在 NVIDIA 的雲端伺服器上，玩家只需透過網路串流遊戲畫面。\n\n2. **隨時隨地遊玩**：只要有穩定的網路連接，玩家可以在任何地方進行遊戲，無論是在家中、咖啡廳或其他地方。\n\n3. **遊戲進度雲端保存**：玩家的遊戲進度和資料會儲存在雲端，無需擔心因為設備更換或故障而丟失進度。\n\n4. **即時更新與維護**：遊戲的更新和維護由 NVIDIA 負責，玩家無需手動下載或安裝更新，確保遊戲始終保持最新狀態。\n\n5. **多平台支援**：玩家可以在不同的設備上登入同一個帳號，隨時切換遊玩，享受更靈活的遊戲體驗。\n\n這些優勢使得 GeForce NOW 成為一個方便且高效的雲端遊戲解決方案，特別適合那些希望享受高品質遊戲但又不想投資昂貴硬體的玩家。','895ab3fa-373a-42aa-a49a-45f10582bb96','2024-09-03 09:25:59'),(30,1,'可是我下載steam不就可以玩了嗎？','下載 Steam 是必要的步驟，因為 GeForce NOW 會透過 Steam 平台來運行您所購買的遊戲。您需要在 Steam 上註冊帳號並下載 Steam 客戶端，然後在 GeForce NOW 中登入您的台灣大哥大帳號，並連接到您的 Steam 帳號來啟動遊戲。這樣您才能享受到雲端遊戲的便利。','895ab3fa-373a-42aa-a49a-45f10582bb96','2024-09-03 09:25:59'),(31,1,'那我如果不使用','如果您不使用 GeForce NOW，您將無法享受到雲端遊戲的便利性，例如隨時隨地在不同設備上遊玩高品質的 3A 級遊戲，並且不需要擁有高端的遊戲硬體。您將需要依賴自己的設備來運行遊戲，這可能會受到硬體性能的限制。此外，您也無法享受遊戲進度的雲端保存和即時更新的優勢。\n\n如果您有其他問題或需要進一步的資訊，隨時可以詢問我！','895ab3fa-373a-42aa-a49a-45f10582bb96','2024-09-03 09:25:59'),(32,1,'所以差別是在於遊戲運行的地方？','是的，差別主要在於遊戲運行的地方。使用 GeForce NOW 時，遊戲是在 NVIDIA 的雲端伺服器上運行，這意味著您不需要擁有高端的遊戲硬體，只需透過穩定的網路連接來串流遊戲畫面。這樣一來，您可以在各種設備上隨時隨地遊玩高品質的 3A 級遊戲。\n\n而如果您直接下載 Steam 並在自己的設備上運行遊戲，則需要確保您的設備符合遊戲的硬體需求，並且遊戲的運行性能會受到您設備性能的限制。這就是 GeForce NOW 提供的雲端遊戲服務的便利之處。','895ab3fa-373a-42aa-a49a-45f10582bb96','2024-09-03 09:25:59'),(33,1,'觘但','您好！請問有什麼我可以幫您解答的問題呢？','e08f8f90-29b3-4102-9ac9-892d8bf18cb5','2024-09-03 09:25:59'),(34,1,'幹','您好！如果您有任何問題或需要幫助的地方，請隨時告訴我，我會盡力協助您！','e08f8f90-29b3-4102-9ac9-892d8bf18cb5','2024-09-03 09:25:59'),(35,1,'講英文','Sure! How can I assist you today?','e08f8f90-29b3-4102-9ac9-892d8bf18cb5','2024-09-03 09:25:59'),(36,1,'客服連結謝謝','您可以透過以下連結填寫客服表單以獲得進一步的協助：[客服表單](https://twm-appworks.com/customer_service_form.html)。如果您有其他問題，也歡迎隨時詢問！','e08f8f90-29b3-4102-9ac9-892d8bf18cb5','2024-09-03 09:25:59'),(37,1,'可以給我將自己的 Steam、Epic以及Ubisoft 帳戶直接與 GeForce NOW 帳號串聯的詳細步驟嗎？','要將您的 Steam、Epic 和 Ubisoft 帳戶直接與 GeForce NOW 帳號串聯，請按照以下步驟操作：\n\n1. **登入 GeForce NOW**：\n   - 首先，打開 GeForce NOW 應用程式或訪問 GeForce NOW 網站，並使用您的台灣大哥大 GeForce NOW 帳號登入。\n\n2. **進入帳戶設置**：\n   - 登入後，尋找並點擊您的帳戶名稱或個人資料圖示，通常位於右上角，然後選擇「帳戶設置」或「連接的帳戶」。\n\n3. **選擇連接帳戶**：\n   - 在帳戶設置中，您會看到「連接的帳戶」或類似的選項。點擊進入。\n\n4. **連接 Steam、Epic 和 Ubisoft**：\n   - 在連接的帳戶頁面，您會看到 Steam、Epic Games 和 Ubisoft 的選項。點擊您想要連接的帳戶。\n   - 系統會引導您進行授權，您需要登入相應的帳戶並授予 GeForce NOW 訪問權限。\n\n5. **確認連接**：\n   - 完成授權後，您應該會看到該帳戶已成功連接的提示。您可以重複此步驟來連接其他帳戶。\n\n6. **檢查連接狀態**：\n   - 確認所有帳戶都已成功連接，您可以在「連接的帳戶」頁面查看當前的連接狀態。\n\n完成以上步驟後，您的 Steam、Epic 和 Ubisoft 帳戶就會與 GeForce NOW 帳號成功串聯，您可以在 GeForce NOW 上輕鬆訪問這些平台的遊戲。','b6ced4d1-5bde-4bac-8bad-db19a9f376db','2024-09-03 09:25:59'),(38,1,'為何','請問您想詢問什麼問題呢？我會很樂意幫助您解答！','b760b60e-a558-4dd4-962c-bc604ae02ea4','2024-09-03 09:25:59'),(39,1,'為何geforce now一直無法登入？','若您是第一次登入，請確保您已經完成註冊流程：\n\n1. 完成手機簡訊驗證\n2. 選擇免費方案\n\n更詳細的步驟請參考『GeForce Now 快速入門』。如果您已經完成這些步驟但仍無法登入，建議您檢查網路連接或重新啟動應用程式。如有其他問題，您也可以考慮填寫客服表單以獲得進一步的協助。','b760b60e-a558-4dd4-962c-bc604ae02ea4','2024-09-03 09:25:59'),(40,1,'為何geforce now無法登入','若您是第一次登入，請確保您已經完成註冊流程：\n\n1. 完成手機簡訊驗證\n2. 主動選擇免費方案（預設是沒有任何方案的）\n\n更詳細的步驟請參考『GeForce Now 快速入門』。如果您仍然無法登入，建議您檢查您的帳號資訊是否正確，或是嘗試重設密碼。','f97f070e-9ba4-4168-a0c3-46cf31bbf374','2024-09-03 09:25:59'),(41,1,'為何geforce now無法登入','若您是第一次登入，請確保您已經完成註冊流程：\n\n1. 完成手機簡訊驗證\n2. 主動選擇免費方案（預設是沒有任何方案的）\n\n更詳細的步驟請參考『GeForce Now 快速入門』。如果您仍然無法登入，建議您檢查您的帳號資訊是否正確，或是嘗試重設密碼。','f97f070e-9ba4-4168-a0c3-46cf31bbf374','2024-09-03 09:25:59'),(42,1,'為何geforce now無法登入','若您是第一次登入，請確保您已經完成註冊流程：\n\n1. 完成手機簡訊驗證\n2. 主動選擇免費方案（預設是沒有任何方案的）\n\n更詳細的步驟請參考『GeForce Now 快速入門』。如果您仍然無法登入，建議您檢查您的帳號資訊是否正確，或是嘗試重設密碼。','f97f070e-9ba4-4168-a0c3-46cf31bbf374','2024-09-03 09:25:59'),(43,1,'為何geforce now無法登入','若您是第一次登入，請確保您已經完成註冊流程：\n\n1. 完成手機簡訊驗證\n2. 主動選擇免費方案（預設是沒有任何方案的）\n\n更詳細的步驟請參考『GeForce Now 快速入門』。如果您仍然無法登入，建議您檢查您的帳號資訊是否正確，或是嘗試重設密碼。','f97f070e-9ba4-4168-a0c3-46cf31bbf374','2024-09-03 09:25:59'),(44,1,'為何geforce now無法登入','若您是第一次登入，請確保您在官網已經完成註冊流程：\n\n1. 完成手機簡訊驗證\n2. 完成信箱驗證\n3. 主動選擇免費方案（預設是沒有任何方案的）\n\n更詳細的步驟請參考『GeForce Now 快速入門』。如果您仍然無法登入，建議您檢查您的帳號資訊是否正確，或是嘗試重設密碼。','f97f070e-9ba4-4168-a0c3-46cf31bbf374','2024-09-03 09:25:59'),(45,1,'為何geforce now無法登入','若您是第一次登入，請確保您在官網已經完成註冊流程：\n\n1. 完成手機簡訊驗證\n2. 完成信箱驗證\n3. 主動選擇免費方案（預設是沒有任何方案的）\n\n更詳細的步驟請參考『GeForce Now 快速入門』。如果您仍然無法登入，建議您檢查您的帳號資訊是否正確，或是嘗試重設密碼。','f97f070e-9ba4-4168-a0c3-46cf31bbf374','2024-09-03 09:25:59'),(46,1,'為何geforce now無法登入？','若您是第一次登入，請確保您在官網已經完成註冊流程：\n\n1. 完成手機簡訊驗證\n2. 主動選擇免費方案（預設是沒有任何方案的）\n\n更詳細的步驟請參考『GeForce Now 快速入門』。如果您已經完成這些步驟但仍無法登入，建議您檢查網路連接或重置密碼。如果問題持續，您可以考慮填寫客服表單以獲得進一步的協助。','708889d9-90a0-4a05-9f39-4fae68a76597','2024-09-03 09:25:59'),(47,1,'我要填客服表單','您可以透過以下連結填寫客服表單以獲得進一步的協助：[客服表單](https://twm-appworks.com/customer_service_form.html)。如果您有任何問題，隨時可以告訴我！','708889d9-90a0-4a05-9f39-4fae68a76597','2024-09-03 09:25:59'),(48,1,'下載軟體以後登入一直轉ㄝ','若您是第一次登入，請確保您在官網已經完成註冊流程：\n\n1. 完成手機簡訊驗證\n2. 主動選擇免費方案（預設是沒有任何方案的）\n\n更詳細的步驟請參考『GeForce Now 快速入門』。如果問題仍然存在，建議您檢查網路連接或重新啟動應用程式。','345ff34b-fede-43d2-8adf-cb0237dfa05a','2024-09-03 09:25:59'),(49,1,'可以給我將自己的 Steam、Epic以及Ubisoft 帳戶直接與 GeForce NOW 帳號串聯的詳細步驟嗎？','請進入您下載的 GeForce NOW 軟體，點選左上角的功能表，選擇『設定』，即可連結您的 Steam、Epic Games 及 Ubisoft 帳戶。這樣您就可以將這些遊戲平台的帳戶直接與 GeForce NOW 帳號串聯了。','345ff34b-fede-43d2-8adf-cb0237dfa05a','2024-09-03 09:25:59'),(50,1,'我要怎麼玩遊戲？','要玩遊戲，您可以按照以下步驟操作：\n\n1. 點擊您想玩的遊戲後，選擇「標示為已擁有」按鈕。您不一定需要同步您的 Steam 帳戶也可以遊玩，因此若遇到無法同步的問題，可以選擇「現在不要」。\n\n2. 接下來，您會看到「您是否擁有這款遊戲？」的問題。如果您玩的是免費版遊戲，可以直接點選「是的，繼續」。若您玩的是付費版遊戲，請先至遊戲平台購買。\n\n這樣就可以開始您的遊戲體驗了！如果有其他問題，隨時可以詢問我。','f13ed203-98c9-4579-9ff3-02c453600ee3','2024-09-03 09:25:59'),(51,1,'您好，我想詢問我該如何繳費?','您可以選擇以下方式繳費：\n\n1. **信用卡**：直接使用信用卡進行付款。\n2. **台灣大哥大電信帳單**：透過您的電信帳單進行繳費。\n\n若您是新用戶，請先完成註冊並選擇您偏好的會員方案，然後在設定付款方式的頁面選擇適合的繳費方式。若有其他問題，歡迎隨時詢問！','4ae0ce0b-3574-4fc4-89d2-a1ad915f0d96','2024-09-03 09:25:59'),(52,1,'can you speak chinese?','是的，我可以說中文！有什麼我可以幫您解答的問題嗎？','4ae0ce0b-3574-4fc4-89d2-a1ad915f0d96','2024-09-03 09:25:59'),(53,1,'can you speak english?','Yes, I can speak English! How can I assist you today?','4ae0ce0b-3574-4fc4-89d2-a1ad915f0d96','2024-09-03 09:25:59'),(54,1,'can you introduce GeForce Now?','GeForce NOW is NVIDIA\'s latest cloud gaming service that allows you to play high-quality AAA games on various devices such as laptops, PCs, Macs, and Android devices. With GeForce NOW, your game library is accessed directly through cloud servers, enabling you to play games without being limited by your hardware specifications. It supports a wide range of games, including both purchased titles from digital game stores and free games, allowing you to enjoy your gaming experience anytime and anywhere.','4ae0ce0b-3574-4fc4-89d2-a1ad915f0d96','2024-09-03 09:25:59'),(55,1,'請提供我客服表單的連結','您可以透過以下連結填寫客服表單：[客服表單](https://twm-appworks.com/customer_service_form.html)。如果您有其他問題，隨時可以詢問！','4ae0ce0b-3574-4fc4-89d2-a1ad915f0d96','2024-09-03 09:25:59'),(56,1,'您好，如果我的遊戲有異常該如何排除?','您好！如果您的遊戲出現異常，您可以按照以下步驟進行排除：\n\n1. **檢查網路連接**：確保您的網路連接穩定，建議使用有線網路或5GHz的WiFi環境。\n\n2. **重新啟動應用程式**：關閉GeForce NOW應用程式，然後重新啟動，看看問題是否解決。\n\n3. **檢查遊戲更新**：確保您所玩的遊戲已更新到最新版本，某些遊戲可能需要下載更新檔。\n\n4. **檢查遊戲設定**：進入遊戲的設定選單，確認遊戲的畫質和解析度設定是否適合您的設備。\n\n5. **查看支援遊戲列表**：確認您所玩的遊戲是否在GeForce NOW的支援遊戲列表中。\n\n6. **回報問題**：如果以上步驟無法解決問題，您可以至GeForce NOW App分享遊戲功能的相關問題，或使用「我要發問」功能向客服尋求幫助。\n\n希望這些步驟能幫助您解決遊戲異常的問題！如果還有其他問題，隨時告訴我。','c8231528-eb03-4b51-b608-f65aa9f7c6a9','2024-09-03 09:25:59'),(57,1,'I did not receive the bill. How should I make the payment?','如果您沒有收到帳單，您可以按照以下步驟進行付款：\n\n1. **登入會員中心**：請先登入您的台灣大哥大 GeForce NOW 會員中心。\n\n2. **選擇付款方式**：在會員中心中，您可以選擇您偏好的付款方式，包括信用卡或台灣大哥大電信帳單。\n\n3. **使用虛擬ATM或門市繳費**：如果您希望使用虛擬ATM或門市現金繳費，請參考以下步驟：\n   - 確保您已註冊成為會員。\n   - 登入後前往方案介紹頁選擇欲申辦方案。\n   - 在設定付款方式頁面選擇ATM轉帳或門市現金繳費。\n   - 填妥發票資訊後，送出並取得付款資訊，然後使用ATM或網路銀行轉帳進行付款。\n\n4. **確認付款狀態**：成功付款後，請等候約3至5分鐘，然後重新登入會員中心確認會員資格狀態是否生效。\n\n如果您仍有疑問或需要進一步的協助，建議您填寫客服表單，並提供相關資訊以便我們協助您解決問題。客服表單的連結是：[客服表單](https://twm-appworks.com/customer_service_form.html)。','c8231528-eb03-4b51-b608-f65aa9f7c6a9','2024-09-03 09:25:59'),(58,1,'Could you please reply to me in English?','Of course! How can I assist you today?','c8231528-eb03-4b51-b608-f65aa9f7c6a9','2024-09-03 09:25:59'),(59,1,'I did not receive the bill. How should I make the payment?','If you did not receive the bill, you can follow these steps to make the payment:\n\n1. **Log in to the Member Center**: Please log in to your Taiwan Mobile GeForce NOW Member Center.\n\n2. **Select Payment Method**: In the Member Center, you can choose your preferred payment method, including credit card or Taiwan Mobile telecom bill.\n\n3. **Use Virtual ATM or Store Payment**: If you wish to use virtual ATM or cash payment at a store, please follow these steps:\n   - Ensure you are registered as a member.\n   - After logging in, go to the plan introduction page to select the plan you want to apply for.\n   - On the payment settings page, choose ATM transfer or cash payment at a store.\n   - Fill in the invoice information, submit it, and obtain the payment information. Then, use ATM or online banking transfer to make the payment.\n\n4. **Confirm Payment Status**: After successful payment, please wait about 3 to 5 minutes, then log in to the Member Center again to confirm whether your membership status has been activated.\n\nIf you still have questions or need further assistance, I recommend filling out the customer service form and providing relevant information so we can help you resolve the issue. The link to the customer service form is: [Customer Service Form](https://twm-appworks.com/customer_service_form.html).','c8231528-eb03-4b51-b608-f65aa9f7c6a9','2024-09-03 09:25:59'),(60,1,'我的','您好！請問有什麼我可以幫您解決的問題呢？','2fe053ff-311a-4faa-8c68-bd3f34eb72cd','2024-09-03 09:25:59'),(61,1,'如果我的遊戲有異常該如何排除？','如果您的遊戲出現異常，您可以按照以下步驟進行排除：\n\n1. **檢查網路連接**：確保您的網路連接穩定，建議使用有線網路或5GHz的WiFi環境。\n\n2. **重新啟動應用程式**：關閉GeForce NOW應用程式，然後重新啟動，看看問題是否解決。\n\n3. **檢查遊戲更新**：確保您所玩的遊戲已更新到最新版本，某些遊戲可能需要下載更新檔。\n\n4. **檢查遊戲設定**：進入遊戲的設定選單，確認遊戲的畫質和解析度設定是否適合您的設備。\n\n5. **聯繫客服**：如果以上步驟無法解決問題，您可以透過GeForce NOW的會員中心提交問題，或使用「我要發問」功能向客服尋求幫助。\n\n希望這些步驟能幫助您解決遊戲異常的問題！','2fe053ff-311a-4faa-8c68-bd3f34eb72cd','2024-09-03 09:25:59'),(62,1,'could you please reply to me in English?','Of course! How can I assist you today?','2fe053ff-311a-4faa-8c68-bd3f34eb72cd','2024-09-03 09:25:59'),(63,1,'I did not receive the bill. How should I make the payment?','If you did not receive the bill, you can still make the payment by following these steps:\n\n1. **Log in to your account** on the Taiwan Mobile GeForce NOW member center.\n2. Navigate to the **payment settings** or **billing section** to check your current membership status and payment options.\n3. You can choose to pay via **ATM transfer** or **in-store cash payment** if you prefer those methods.\n4. If you need to make a payment immediately, you can also use a **credit card** or **Taiwan Mobile telecom bill** as payment methods.\n\nIf you have any issues or need further assistance, please feel free to fill out the customer service form [here](https://twm-appworks.com/customer_service_form.html).','2fe053ff-311a-4faa-8c68-bd3f34eb72cd','2024-09-03 09:25:59'),(64,1,'您好，如果我的遊戲有異常該如何排除?','您好！如果您的遊戲出現異常，您可以按照以下步驟進行排除：\n\n1. **檢查網路連接**：確保您的網路連接穩定，建議使用有線網路或5GHz的WiFi環境。\n\n2. **重新啟動應用程式**：關閉GeForce NOW應用程式，然後重新啟動，看看問題是否解決。\n\n3. **檢查遊戲更新**：確保您所玩的遊戲已更新到最新版本，某些遊戲在更新後可能需要重新下載。\n\n4. **檢查遊戲設定**：進入遊戲的設定選項，確認遊戲的解析度和其他設定是否正確。\n\n5. **查看支援遊戲列表**：確認您所玩的遊戲是否在GeForce NOW的支援遊戲列表中。\n\n6. **回報問題**：如果以上步驟無法解決問題，您可以透過GeForce NOW應用程式的「我要發問」功能回報問題，或至官網尋求進一步的協助。\n\n希望這些步驟能幫助您解決遊戲異常的問題！如果還有其他問題，隨時告訴我。','4dad7d2f-d2cc-4a03-bb4b-f7c55a0a803a','2024-09-03 09:25:59'),(65,1,'Could you please reply to me in English?','Of course! How can I assist you today?','4dad7d2f-d2cc-4a03-bb4b-f7c55a0a803a','2024-09-03 09:25:59'),(66,1,'I did not receive the bill. How should I make the payment?','If you did not receive the bill, you can still make the payment by following these steps:\n\n1. **Log in to your account** on the Taiwan Mobile GeForce NOW member center.\n2. Navigate to the **payment settings** or **billing section** to check your current membership status and payment options.\n3. You can choose to pay via **ATM transfer** or **in-store cash payment** if you prefer those methods.\n4. If you need to make a payment immediately, you can also use a **credit card** or **Taiwan Mobile telecom bill** as payment methods.\n\nIf you have any issues or need further assistance, please fill out the customer service form [here](https://twm-appworks.com/customer_service_form.html).','4dad7d2f-d2cc-4a03-bb4b-f7c55a0a803a','2024-09-03 09:25:59'),(67,1,'hi','Hello! How can I assist you today?','1190ece4-33bf-4c15-9a6e-13cb5a6b385f','2024-09-03 09:25:59'),(68,1,'會員有哪些','目前 GeForce NOW 提供的會員方案有以下幾種：\n\n1. **Basic 方案**：免費方案，提供基本的遊戲體驗。\n2. **Premium 白金方案**：提供延長的遊戲時間，最高可達六小時，並且沒有遊玩次數的限制。\n3. **鈦金方案**：提供月訂三十小時的時數，並享有更高的遊戲性能。\n\n您可以根據自己的需求選擇適合的會員方案，若需要更詳細的資訊，建議您前往官方網站查詢。','21b71102-79c4-4f40-bdf5-a7673371b903','2024-09-03 09:25:59'),(69,1,'如何使用','若您想了解如何使用 GeForce NOW，請參考以下步驟：\n\n1. **註冊帳號**：\n   - 前往 GeForce NOW 官網，註冊成為會員，並完成手機簡訊驗證。\n\n2. **下載應用程式**：\n   - 安裝 GeForce NOW 應用程式，您可以在官網的軟體下載頁面找到相關連結。\n\n3. **登入帳號**：\n   - 使用您的台灣大哥大帳號登入 GeForce NOW 應用程式。\n\n4. **連結遊戲帳戶**：\n   - 在應用程式中，點選左上角的功能表，選擇「設定」，然後連結您的遊戲帳戶（如 Steam、Epic Games、Ubisoft 等）。\n\n5. **選擇遊戲**：\n   - 在遊戲庫中搜尋您想玩的遊戲，並點擊「標示為已擁有」按鈕。\n\n6. **啟動遊戲**：\n   - 點擊您想玩的遊戲，然後選擇「開始遊戲」，即可進入遊玩。\n\n若您在使用過程中遇到任何問題，隨時可以詢問我！','3ea95aaa-b1be-4a54-8927-69d530d6cfdf','2024-09-03 09:25:59'),(70,1,'你好','您好！有什麼我可以幫您解決的問題嗎？','d0f0ebc0-0de0-47f2-95cc-e3a4a638f852','2024-09-03 09:25:59'),(71,1,'請向我介紹GEGORCE NOW 收費方案','GeForce NOW 提供幾種不同的收費方案，讓用戶可以根據自己的需求選擇適合的方案。以下是主要的收費方案介紹：\n\n1. **基本方案 (Basic)**：\n   - 免費使用，但遊玩時間有限制。\n   - 遊玩時可能會遇到排隊等候的情況。\n\n2. **白金方案 (Premium)**：\n   - 提供更長的遊戲時間，一次最多可達六小時。\n   - 沒有遊玩次數的限制。\n   - 享有優先登入的權益，減少排隊等候的時間。\n\n3. **鈦金方案 (Titan)**：\n   - 提供月訂三十小時的遊玩時數，或日訂五小時的選擇。\n   - 享有更高的幀率和解析度體驗。\n   - 若時數用盡，仍可繼續使用鈦金方案規格遊玩，但無法選擇最高幀率與解析度。\n\n每個方案的具體價格和優惠可能會有所不同，建議您前往官方網站查看最新的方案詳情和申辦方式。若您有其他問題或需要進一步的幫助，隨時告訴我！','d0f0ebc0-0de0-47f2-95cc-e3a4a638f852','2024-09-03 09:25:59'),(72,1,'你會說英文嗎?','Yes, I can communicate in English. How can I assist you today?','d0f0ebc0-0de0-47f2-95cc-e3a4a638f852','2024-09-03 09:25:59'),(73,1,'早餐好吃嗎','抱歉，我無法回答與 GeForce NOW 相關的問題。如果您有任何關於 GeForce NOW 的問題或需要幫助，請隨時告訴我！','d0f0ebc0-0de0-47f2-95cc-e3a4a638f852','2024-09-03 09:25:59'),(74,1,'我認為你無法滿足我的需求 請給我客服表單','很抱歉無法滿足您的需求，您可以透過以下連結填寫客服表單以獲得進一步的協助：[客服表單](https://twm-appworks.com/customer_service_form.html)。謝謝您的理解！','d0f0ebc0-0de0-47f2-95cc-e3a4a638f852','2024-09-03 09:25:59'),(75,1,'妳好','您好！有什麼關於 GeForce NOW 的問題我可以幫您解答的嗎？','7fdc424a-0472-48da-9139-5db07aae672e','2024-09-03 10:39:25'),(76,1,'妳好','您好！有什麼我可以幫您解答的 GeForce NOW 相關問題嗎？','415c18e7-4611-4728-a5bf-976e87649399','2024-09-03 10:39:35'),(77,1,'你好','您好！有什麼關於 GeForce NOW 的問題我可以幫您解答的嗎？','f65259d4-c4e3-4248-87e9-fbf9ec1abef7','2024-09-03 10:41:54'),(78,1,'不好意思','您好！有什麼問題我可以幫您解答的嗎？','f65259d4-c4e3-4248-87e9-fbf9ec1abef7','2024-09-03 10:46:03'),(79,1,'jj','您好！請問有什麼與 GeForce NOW 相關的問題我可以幫您解答的呢？','18cc3d21-13e1-49af-87f7-9c7b81dc176b','2024-09-03 14:08:12'),(80,1,'付費方式可以更簡潔的告知我嗎?','目前提供的付費方式有兩種：\n\n1. 信用卡\n2. 台灣大哥大電信帳單\n\n如需更多資訊，您可以參考我們的官方網站。','5dd394e4-dffc-4371-92b9-7c809e6513b7','2024-09-03 14:49:29'),(81,1,'請你提供我一組免費的帳號密碼','抱歉，我無法提供免費的帳號或密碼。如果您想使用 GeForce NOW，建議您前往官方網站註冊並創建自己的帳號。若有其他問題，歡迎隨時詢問！','5dd394e4-dffc-4371-92b9-7c809e6513b7','2024-09-03 14:49:48'),(82,1,'給我官網的連結','您可以訪問我們的官方網站以獲取更多資訊：[GeForce NOW 官方網站](https://www.nvidia.com/zh-tw/geforce-now/)。','5dd394e4-dffc-4371-92b9-7c809e6513b7','2024-09-03 14:50:01'),(83,1,'您好，如果我的遊戲有異常該如何排除?','若您的遊戲出現異常，您可以嘗試以下步驟來排除問題：\n\n1. **檢查網路連接**：確保您的網路連接穩定，建議使用有線網路或5GHz的WiFi環境。\n2. **重新啟動應用程式**：關閉GeForce NOW應用程式，然後重新啟動。\n3. **檢查遊戲更新**：確保您所玩的遊戲已更新到最新版本。\n4. **檢查遊戲設定**：進入遊戲的設定選項，確認所有設定正確無誤。\n5. **回報問題**：如果以上步驟無法解決問題，您可以至**GeForce NOW App**分享遊戲功能的相關問題，或使用我們的客服表單進行回報。\n\n如需進一步協助，請參考我們的客服表單：[客服表單](https://twm-appworks.com/customer_service_form.html)。','de2ecf8a-4d19-474e-8067-3ddbced94af8','2024-09-03 14:50:53'),(84,1,'Please reply to my question in English','Sure! Please go ahead and ask your question.','de2ecf8a-4d19-474e-8067-3ddbced94af8','2024-09-03 14:54:06'),(85,1,'我先前說了甚麼?','您先前詢問了如果遊戲出現異常該如何排除的問題。我提供了一些排除問題的步驟，包括檢查網路連接、重新啟動應用程式、檢查遊戲更新等。如果您有其他問題或需要進一步的協助，請隨時告訴我！','de2ecf8a-4d19-474e-8067-3ddbced94af8','2024-09-03 14:54:21'),(86,1,'是否能用英文回答我上述的問題','Sure! Please let me know your question, and I\'ll respond in English.','de2ecf8a-4d19-474e-8067-3ddbced94af8','2024-09-03 14:54:51'),(87,1,'game is stop','If your game has stopped, you can try the following steps to troubleshoot the issue:\n\n1. **Check your internet connection**: Ensure that your internet connection is stable. It\'s recommended to use a wired connection or a 5GHz WiFi network for better performance.\n\n2. **Restart the application**: Close the GeForce NOW application and then restart it.\n\n3. **Check for game updates**: Make sure that the game you are playing is updated to the latest version.\n\n4. **Verify game settings**: Go into the game settings and confirm that all settings are correct.\n\n5. **Report the issue**: If the above steps do not resolve the problem, you can report the issue through the GeForce NOW App or use our customer service form for further assistance.\n\nFor more help, please refer to our customer service form: [Customer Service Form](https://twm-appworks.com/customer_service_form.html).','de2ecf8a-4d19-474e-8067-3ddbced94af8','2024-09-03 14:55:07'),(88,1,'Sorry,my game was interrupted.','If your game was interrupted, you can try the following steps to troubleshoot the issue:\n\n1. **Check your internet connection**: Ensure that your internet connection is stable. It\'s recommended to use a wired connection or a 5GHz WiFi network for better performance.\n\n2. **Restart the application**: Close the GeForce NOW application and then restart it.\n\n3. **Check for game updates**: Make sure that the game you are playing is updated to the latest version.\n\n4. **Verify game settings**: Go into the game settings and confirm that all settings are correct.\n\n5. **Report the issue**: If the above steps do not resolve the problem, you can report the issue through the GeForce NOW App or use our customer service form for further assistance.\n\nFor more help, please refer to our customer service form: [Customer Service Form](https://twm-appworks.com/customer_service_form.html).','de2ecf8a-4d19-474e-8067-3ddbced94af8','2024-09-03 14:56:47'),(89,1,'你好啊','您好！有什麼關於 GeForce NOW 的問題我可以幫您解答的嗎？','f3eb2bee-89e7-48e4-95ce-19abd13f9e4c','2024-09-03 15:03:14'),(90,1,'哈囉','您好！有什麼關於 GeForce NOW 的問題我可以幫您解答的嗎？','f3eb2bee-89e7-48e4-95ce-19abd13f9e4c','2024-09-03 15:03:21'),(91,1,'hi','Hello! How can I assist you with GeForce NOW today?','8d6b13c3-f3bc-4c58-a2b6-6063d5695727','2024-09-03 15:28:41'),(92,1,'收到','如果您有任何關於 GeForce NOW 的問題，隨時可以問我！我在這裡幫助您。','8d6b13c3-f3bc-4c58-a2b6-6063d5695727','2024-09-03 15:38:15'),(93,1,'我的遊戲無法執行','若您的遊戲無法執行，可能是由於以下幾個原因：\n\n1. **遊戲未安裝**：請確認您已在支援的數位遊戲商店平台上購買並安裝該遊戲。\n\n2. **遊戲更新**：某些遊戲在首次啟動時可能需要下載更新檔或DLC，這可能會導致遊戲無法立即執行。\n\n3. **伺服器問題**：有時候伺服器可能會出現問題，導致遊戲無法啟動。\n\n4. **系統需求**：請確認您的設備符合遊戲的系統需求。\n\n若以上方法無法解決問題，建議您可以透過**GeForce NOW**官網的「**我要發問**」功能，向客服詢問具體的解決方案。','af90bbdf-7178-4826-bd56-a1e168835eb2','2024-09-03 16:32:37'),(94,1,'Sorry,My game was interrupted.','If your game was interrupted, it could be due to several reasons. Here are some steps you can take to troubleshoot the issue:\n\n1. **Check Your Internet Connection**: Ensure that your internet connection is stable and strong. A weak connection can cause interruptions.\n\n2. **Restart the Game**: Close the game and restart it to see if the issue persists.\n\n3. **Check for Updates**: Make sure that both the GeForce NOW application and the game you are trying to play are updated to the latest version.\n\n4. **Server Status**: Sometimes, server issues can cause interruptions. You can check the status of the GeForce NOW servers on their official website.\n\n5. **Contact Support**: If the problem continues, you may want to reach out to customer support through the GeForce NOW website for further assistance.\n\nIf you need more specific help, please provide additional details about the issue you\'re experiencing!','af90bbdf-7178-4826-bd56-a1e168835eb2','2024-09-03 16:33:29'),(95,1,'很抱歉你的回應無法解決我的問題','若您遇到的問題無法解決，建議您可以透過以下資源尋求進一步的協助：\n\n- **客服表單**: [客服表單連結](https://twm-appworks.com/customer_service_form.html)\n- **官方網站**: [GeForce NOW 官方網站](https://gfn.taiwanmobile.com/portal/index)\n\n請提供更多具體的問題描述，這樣我也許能提供更針對性的建議！','af90bbdf-7178-4826-bd56-a1e168835eb2','2024-09-03 16:34:03'),(102,3,'會員等級有哪些','目前 GeForce NOW 提供的會員等級有以下幾種：\n\n1. **基本方案**：免費使用，功能有限。\n2. **白金方案**：提供更長的遊戲時間，最高可達六小時，並且沒有遊玩次數的限制。\n3. **鈦金方案**：提供更高的效能，使用 GeForce RTX 30 系列等級伺服器，並有月訂和日訂的時數選擇。\n\n如需更詳細的資訊，您可以參考我們的 [官方會員方案](https://gfn.taiwanmobile.com/portal/index)。','81a713e7-048f-45c8-95cd-29d4d08370e8','2024-09-04 00:57:30'),(103,3,'分別是多少錢','目前 GeForce NOW 提供的會員方案價格如下：\n\n1. **基本方案**：免費使用，功能有限。\n2. **白金方案**：每月約 NT$ 299。\n3. **鈦金方案**：月訂約 NT$ 599，日訂約 NT$ 199。\n\n具體的價格可能會有變動，建議您參考我們的 [官方會員方案](https://gfn.taiwanmobile.com/portal/index) 獲取最新資訊。','81a713e7-048f-45c8-95cd-29d4d08370e8','2024-09-04 00:57:39'),(104,3,'我覺得你無法解決我問題','如果您遇到的問題無法解決，建議您可以填寫客服表單以獲得進一步的協助，您可以在這裡找到客服表單：[客服表單](https://twm-appworks.com/customer_service_form.html)。另外，您也可以參考我們的官方網站以獲取更多資訊：[官方網站](https://gfn.taiwanmobile.com/portal/index)。希望能幫助到您！','81a713e7-048f-45c8-95cd-29d4d08370e8','2024-09-04 00:57:51'),(105,3,'會員有哪些等級','目前 GeForce NOW 會員方案主要有以下幾個等級：\n\n1. **Basic 方案**：免費方案，提供基本的遊戲體驗。\n2. **Premium 白金方案**：提供更長的遊戲時間和更高的遊戲品質，最多可達六小時的遊玩時間，並且沒有遊玩次數的限制。\n3. **鈦金方案**：提供更高的效能，使用 GeForce RTX 30 系列等級的伺服器，並有月訂和日訂的時數選擇。\n\n如需更詳細的資訊，建議您參考我們的[官方會員方案](https://gfn.taiwanmobile.com/portal/index)。','2fdc97e3-0bc5-4fce-b5b0-728e7df0cdcb','2024-09-04 01:37:17'),(106,3,'分別多少錢','目前 GeForce NOW 會員方案的價格如下：\n\n1. **Basic 方案**：免費方案。\n2. **Premium 白金方案**：每月約 299 元。\n3. **鈦金方案**：月訂約 599 元，日訂約 199 元。\n\n具體的價格可能會因活動或優惠而有所變動，建議您參考我們的[官方會員方案](https://gfn.taiwanmobile.com/portal/index)以獲取最新資訊。','2fdc97e3-0bc5-4fce-b5b0-728e7df0cdcb','2024-09-04 01:37:31'),(107,3,'我覺得你無法解決我的問題','如果您遇到的問題無法解決，建議您可以使用以下資源尋求幫助：\n\n- **客服表單**：[客服表單連結](https://twm-appworks.com/customer_service_form.html)\n- **官方網站**：[GeForce NOW 官方網站](https://gfn.taiwanmobile.com/portal/index)\n\n這些資源可以提供更進一步的協助。謝謝您的理解！','2fdc97e3-0bc5-4fce-b5b0-728e7df0cdcb','2024-09-04 01:37:45'),(108,3,'會員有哪些等級','目前 GeForce NOW 會員方案主要有以下幾個等級：\n\n1. **Basic 方案**：免費方案，提供基本的遊戲體驗。\n2. **Premium 白金方案**：提供更長的遊戲時間和更高的遊戲品質，最多可達六小時的遊玩時間，並且沒有遊玩次數的限制。\n3. **鈦金方案**：提供更高的效能，使用 GeForce RTX 30 系列等級的伺服器，並有月訂和日訂的時數選擇。\n\n如需更詳細的資訊，建議您參考我們的[官方會員方案](https://gfn.taiwanmobile.com/portal/index)。','9a1a937b-617e-4602-b4c6-643bafd264da','2024-09-04 01:41:35'),(109,3,'我要如何查看付費資訊','您可以前往台灣大 GeForce NOW 會員中心頁面查詢您的會員方案。您可以隨時更改會員帳戶狀態。','67794fe1-c40e-46f7-952a-7c74dc2130a9','2024-09-04 01:58:35'),(117,3,'我的遊戲有異常','若您的遊戲出現異常，建議您可以先嘗試以下幾個步驟：\n\n1. **檢查網路連接**：確保您的網路連接穩定，建議使用有線網路或5GHz的WiFi環境。\n2. **重新啟動應用程式**：關閉GeForce NOW應用程式，然後重新啟動。\n3. **檢查遊戲更新**：有些遊戲可能需要更新，請確認您已經安裝最新版本的遊戲。\n4. **查看遊戲狀態**：有時候遊戲伺服器可能會出現問題，您可以查看官方網站或社群媒體了解是否有相關公告。\n\n如果以上步驟無法解決問題，您可以透過以下連結聯繫客服以獲得進一步的協助：\n- 客服表單：[客服表單](https://twm-appworks.com/customer_service_form.html)\n- 官方網站：[GeForce NOW 官方網站](https://gfn.taiwanmobile.com/portal/index) \n\n希望這些資訊能幫助到您！','c11f2eaa-5877-487f-8fd8-c962fbcba696','2024-09-04 02:36:41'),(120,3,'我的遊戲異常','若您的遊戲出現異常，建議您可以先嘗試以下幾個步驟：\n\n1. **檢查網路連接**：確保您的網路連接穩定，建議使用有線網路或5GHz的WiFi環境。\n2. **重新啟動應用程式**：關閉GeForce NOW應用程式，然後重新啟動。\n3. **檢查遊戲更新**：有些遊戲可能需要更新，請確認您已經安裝最新版本的遊戲。\n4. **查看遊戲狀態**：有時候遊戲伺服器可能會出現問題，您可以查看官方網站或社群媒體了解是否有相關公告。\n\n如果以上步驟無法解決問題，您可以透過以下連結聯繫客服以獲得進一步的協助：\n- 客服表單：[客服表單](https://twm-appworks.com/customer_service_form.html)\n- 官方網站：[GeForce NOW 官方網站](https://gfn.taiwanmobile.com/portal/index) \n\n希望這些資訊能幫助到您！','c11f2eaa-5877-487f-8fd8-c962fbcba696','2024-09-04 02:37:31'),(121,3,'遊戲異常','若您的遊戲出現異常，建議您可以先嘗試以下幾個步驟：\n\n1. **檢查網路連接**：確保您的網路連接穩定，建議使用有線網路或5GHz的WiFi環境。\n2. **重新啟動應用程式**：關閉GeForce NOW應用程式，然後重新啟動。\n3. **檢查遊戲更新**：有些遊戲可能需要更新，請確認您已經安裝最新版本的遊戲。\n4. **查看遊戲狀態**：有時候遊戲伺服器可能會出現問題，您可以查看官方網站或社群媒體了解是否有相關公告。\n\n如果以上步驟無法解決問題，您可以透過以下連結聯繫客服以獲得進一步的協助：\n- 客服表單：[客服表單](https://twm-appworks.com/customer_service_form.html)\n- 官方網站：[GeForce NOW 官方網站](https://gfn.taiwanmobile.com/portal/index) \n\n希望這些資訊能幫助到您！','c11f2eaa-5877-487f-8fd8-c962fbcba696','2024-09-04 02:37:45'),(123,2,'請問 GeForce NOW 是什麼時候推出的？','GeForce NOW 是 NVIDIA 最新推出的雲端遊戲服務，具體推出日期並未在我們的官方資訊中提及。如果您想了解更多詳細資訊，建議您訪問我們的官方網站：[NVIDIA GeForce NOW](https://www.nvidia.com/zh-tw/geforce-now/)。','d5eb8807-00e8-4340-96f1-75f5666cb359','2024-09-04 02:40:59'),(124,3,'妳好','親愛的顧客，您好！有什麼我可以幫您解答的 GeForce NOW 相關問題嗎？','0f41a0ed-5279-4c18-980c-090c59919477','2024-09-04 02:44:10'),(125,3,'妳好','顧客，您好！有什麼我可以幫您解答的 GeForce NOW 相關問題嗎？','0f41a0ed-5279-4c18-980c-090c59919477','2024-09-04 02:44:23'),(126,5,'我在使用Geforce Now服務時，遊戲中斷無法順利遊玩','若您在使用 GeForce NOW 服務時遇到遊戲中斷的情況，建議您可以檢查以下幾點：\n\n1. **網路連接**：確保您的網路連接穩定，建議使用有線網路或5GHz的WiFi，以獲得更佳的遊戲體驗。\n\n2. **伺服器狀態**：有時候伺服器可能會因為維護或高峰時段而影響遊戲體驗，您可以查看官方網站或社群媒體了解伺服器狀態。\n\n3. **應用程式更新**：確保您已安裝最新版本的 GeForce NOW 應用程式，因為更新可能包含修復和性能改進。\n\n4. **設備性能**：檢查您的設備是否符合 GeForce NOW 的系統需求，並確保其他應用程式不會佔用過多資源。\n\n如果以上方法無法解決問題，建議您填寫客服表單以獲得進一步的協助：[客服表單](https://twm-appworks.com/customer_service_form.html)。','4d4c1267-e471-4644-b2b9-2351beda794d','2024-09-04 04:38:31'),(127,5,'Sorry,my game was interrupted','If your game was interrupted while using GeForce NOW, please check the following:\n\n1. **Network Connection**: Ensure your internet connection is stable. It\'s recommended to use a wired connection or 5GHz WiFi for a better gaming experience.\n\n2. **Server Status**: Sometimes, server maintenance or peak times can affect your gaming experience. You can check the official website or social media for server status updates.\n\n3. **Application Updates**: Make sure you have the latest version of the GeForce NOW application installed, as updates may include fixes and performance improvements.\n\n4. **Device Performance**: Check if your device meets the system requirements for GeForce NOW and ensure that other applications are not consuming too many resources.\n\nIf these steps do not resolve the issue, please fill out the customer service form for further assistance: [Customer Service Form](https://twm-appworks.com/customer_service_form.html).','4d4c1267-e471-4644-b2b9-2351beda794d','2024-09-04 04:39:25'),(128,5,'請問台灣大哥大的電信如何繳費','抱歉，我無法提供與 GeForce NOW 無關的問題資訊。如果您有關於 GeForce NOW 的問題，歡迎隨時詢問！','4d4c1267-e471-4644-b2b9-2351beda794d','2024-09-04 04:40:00'),(131,3,'你好','親愛的顧客，您好！有什麼我可以幫您解答的 GeForce NOW 相關問題嗎？','b801bea0-37ca-44a5-a26b-4a61302b3a1e','2024-09-04 05:14:06'),(132,11,'如何退訂','親愛的顧客，若您想要退訂，請至實體門市諮詢相關的退訂流程。若有其他問題，歡迎隨時詢問！','7af7c76e-3eed-46ea-b204-d8f2fecb173b','2024-09-04 05:14:08'),(133,11,'人工客服','親愛的顧客，若您需要進一步的協助，建議您可以透過客服表單聯繫我們的客服團隊，或是直接前往實體門市諮詢相關問題。客服表單連結為：[客服表單](https://twm-appworks.com/customer_service_form.html)。若有其他問題，歡迎隨時詢問！','7af7c76e-3eed-46ea-b204-d8f2fecb173b','2024-09-04 05:14:16'),(134,11,'什麼東西','親愛的顧客，請問您有什麼問題需要協助的嗎？如果是關於 GeForce NOW 的問題，我很樂意為您解答！','7af7c76e-3eed-46ea-b204-d8f2fecb173b','2024-09-04 05:14:24'),(135,11,'geforce tomorrow怎麼下載','親愛的顧客，若您想下載 GeForce NOW，請前往我們的[軟體下載](https://gfn.taiwanmobile.com/portal/index)頁面，根據您的裝置選擇相應的應用程式進行下載。若有其他問題，歡迎隨時詢問！','7af7c76e-3eed-46ea-b204-d8f2fecb173b','2024-09-04 05:14:37'),(136,11,'不好用','親愛的顧客，若您在使用 GeForce NOW 時遇到任何問題，請告訴我具體的情況，我會盡力協助您解決！如果問題無法解決，您也可以透過客服表單聯繫我們的客服團隊，連結為：[客服表單](https://twm-appworks.com/customer_service_form.html)。期待您的回覆！','7af7c76e-3eed-46ea-b204-d8f2fecb173b','2024-09-04 05:14:57'),(137,11,'How to download GeForce now','親愛的顧客，若您想下載 GeForce NOW，請前往我們的[軟體下載](https://gfn.taiwanmobile.com/portal/index)頁面，根據您的裝置選擇相應的應用程式進行下載。若有其他問題，歡迎隨時詢問！','7af7c76e-3eed-46ea-b204-d8f2fecb173b','2024-09-04 05:15:08'),(138,11,'Wait how to cancel GeForce now','親愛的顧客，若您想要取消 GeForce NOW 訂閱，請至實體門市諮詢相關的取消流程。若有其他問題，歡迎隨時詢問！','7af7c76e-3eed-46ea-b204-d8f2fecb173b','2024-09-04 05:15:23'),(139,11,'GeForce當機','親愛的顧客，若您在使用 GeForce NOW 時遇到當機的問題，建議您可以嘗試以下幾個步驟來解決：\n\n1. **檢查網路連接**：確保您的網路連接穩定，建議使用有線網路或5GHz的WiFi環境。\n2. **重新啟動應用程式**：關閉 GeForce NOW 應用程式，然後重新啟動。\n3. **更新應用程式**：確保您使用的是最新版本的 GeForce NOW 應用程式，若有更新請進行更新。\n4. **檢查設備性能**：確認您的設備符合 GeForce NOW 的系統需求。\n\n如果以上步驟無法解決問題，您也可以透過客服表單聯繫我們的客服團隊，連結為：[客服表單](https://twm-appworks.com/customer_service_form.html)。期待您的回覆！','7af7c76e-3eed-46ea-b204-d8f2fecb173b','2024-09-04 05:16:32'),(140,11,'geforce now系統需求','親愛的顧客，您可以前往我們的[系統需求](https://gfn.taiwanmobile.com/portal/index)頁面查看 GeForce NOW 的詳細系統需求。若有其他問題，歡迎隨時詢問！','7af7c76e-3eed-46ea-b204-d8f2fecb173b','2024-09-04 05:16:48'),(141,1,'嗨','親愛的顧客，您好！有什麼我可以幫您解答的 GeForce NOW 相關問題嗎？','7fa98e0e-a4b9-469e-91bd-c258b135974e','2024-09-04 07:38:23'),(142,1,'嗨','顧客：親愛的顧客，您好！有什麼我可以幫您解答的 GeForce NOW 相關問題嗎？','7fa98e0e-a4b9-469e-91bd-c258b135974e','2024-09-04 07:38:35'),(143,1,'嗨','親愛的顧客，您好！有什麼我可以幫您解答的 GeForce NOW 相關問題嗎？','7fa98e0e-a4b9-469e-91bd-c258b135974e','2024-09-04 07:38:47');
/*!40000 ALTER TABLE `records` ENABLE KEYS */;
UNLOCK TABLES;

--
-- Table structure for table `support`
--

DROP TABLE IF EXISTS `support`;
/*!40101 SET @saved_cs_client     = @@character_set_client */;
/*!50503 SET character_set_client = utf8mb4 */;
CREATE TABLE `support` (
  `id` int NOT NULL AUTO_INCREMENT,
  `name` varchar(255) DEFAULT NULL,
  `email` varchar(255) DEFAULT NULL,
  `description` text,
  `request_time` varchar(255) DEFAULT NULL,
  PRIMARY KEY (`id`)
) ENGINE=InnoDB DEFAULT CHARSET=utf8mb4 COLLATE=utf8mb4_0900_ai_ci;
/*!40101 SET character_set_client = @saved_cs_client */;

--
-- Dumping data for table `support`
--

LOCK TABLES `support` WRITE;
/*!40000 ALTER TABLE `support` DISABLE KEYS */;
/*!40000 ALTER TABLE `support` ENABLE KEYS */;
UNLOCK TABLES;

--
-- Table structure for table `types`
--

DROP TABLE IF EXISTS `types`;
/*!40101 SET @saved_cs_client     = @@character_set_client */;
/*!50503 SET character_set_client = utf8mb4 */;
CREATE TABLE `types` (
  `id` bigint NOT NULL AUTO_INCREMENT,
  `type_name` varchar(255) DEFAULT NULL,
  PRIMARY KEY (`id`)
) ENGINE=InnoDB AUTO_INCREMENT=13 DEFAULT CHARSET=utf8mb4 COLLATE=utf8mb4_0900_ai_ci;
/*!40101 SET character_set_client = @saved_cs_client */;

--
-- Dumping data for table `types`
--

LOCK TABLES `types` WRITE;
/*!40000 ALTER TABLE `types` DISABLE KEYS */;
INSERT INTO `types` VALUES (1,'關於會員帳號與方案'),(2,'關於 GeForce NOW 服務'),(3,'關於 GeForce NOW PC/MacOS 服務'),(4,'關於 GeForce Now Android 服務'),(5,'關於遊戲體驗'),(6,'關於鈦金方案'),(7,'關於 GeForce NOW 凱擘大寬頻/台灣大寬頻數位機上盒服務'),(8,'GeForce NOW 遊戲 DLC 更新說明');
/*!40000 ALTER TABLE `types` ENABLE KEYS */;
UNLOCK TABLES;

--
-- Table structure for table `users`
--

DROP TABLE IF EXISTS `users`;
/*!40101 SET @saved_cs_client     = @@character_set_client */;
/*!50503 SET character_set_client = utf8mb4 */;
CREATE TABLE `users` (
  `id` bigint NOT NULL AUTO_INCREMENT,
  `name` varchar(255) DEFAULT NULL,
  `email` varchar(255) DEFAULT NULL,
  `password` varchar(255) DEFAULT NULL,
  `provider` varchar(255) DEFAULT NULL,
  `auth_time` varchar(255) DEFAULT NULL,
  `role` varchar(10) DEFAULT NULL,
  PRIMARY KEY (`id`)
) ENGINE=InnoDB AUTO_INCREMENT=12 DEFAULT CHARSET=utf8mb4 COLLATE=utf8mb4_0900_ai_ci;
/*!40101 SET character_set_client = @saved_cs_client */;

--
-- Dumping data for table `users`
--

LOCK TABLES `users` WRITE;
/*!40000 ALTER TABLE `users` DISABLE KEYS */;
INSERT INTO `users` VALUES (1,NULL,'test@test.com','$2a$10$Q2WtuXg7wzly6DvSMrxwoOey/QAC44NOpwQJxt4axIBlm91HgZrB6','native','2024-08-30 16:01:39','USER'),(2,NULL,'kai410705@gmail.com','$2a$10$AHDzHcXf3RsuAzPg3zwGSOOdOByM8J2WrTn2.USBzWdzn3.khYkbS','native','2024-08-30 22:09:46','USER'),(3,NULL,'test3333@test.com','$2a$10$wwANCgiSwb8l7..tqvPJXOIWC08IgTLbQVhUOWfp3f6./APw0GSEy','native','2024-08-31 00:16:08','ADMIN'),(5,NULL,'shane60704@gmail.com','$2a$10$CyX8K0cEa5vmKwV76TZhguxvyPCVz9rEghBgNNd.x2HqP/Pt95E.q','native','2024-09-02 15:48:02','USER'),(6,NULL,'sean1013@gmail.com','$2a$10$SzNkIIcADJdx0BtxE5zZKuJk33mWoDxYjBtI3AlcCPb3SIOgagMci','native','2024-09-02 16:28:22','USER'),(7,NULL,'Sean123@gmail.com','$2a$10$c5obls2Wc1rS0twKVr8IluLA.FJURf0liVYlPFUmK6WwrdtEkI.pe','native','2024-09-02 16:45:20','USER'),(8,NULL,'sean1234@gmail.com','$2a$10$w6b/8eqDLhA/wgeONlz6UeEPMU5XGg9OEVgq.Y4WauvP.0uv5OmWK','native',NULL,'USER'),(9,NULL,'wendy9007054@gmail.com','$2a$10$iJNwq3TqKCNfQZD4mKH/s.sM8icAepycYBXAs.EpGKGomLN9nzcqW','native',NULL,'USER'),(11,NULL,'test@gmail.com','$2a$10$xVU/8MjOJfYx.e1ZUhGSOuxZDSzSlwnGXHIi1eYfqDoDUV0HZuwCq','native','2024-09-04 05:13:56','USER');
/*!40000 ALTER TABLE `users` ENABLE KEYS */;
UNLOCK TABLES;

--
-- Dumping events for database 'twm'
--

--
-- Dumping routines for database 'twm'
--
/*!40103 SET TIME_ZONE=@OLD_TIME_ZONE */;

/*!40101 SET SQL_MODE=@OLD_SQL_MODE */;
/*!40014 SET FOREIGN_KEY_CHECKS=@OLD_FOREIGN_KEY_CHECKS */;
/*!40014 SET UNIQUE_CHECKS=@OLD_UNIQUE_CHECKS */;
/*!40101 SET CHARACTER_SET_CLIENT=@OLD_CHARACTER_SET_CLIENT */;
/*!40101 SET CHARACTER_SET_RESULTS=@OLD_CHARACTER_SET_RESULTS */;
/*!40101 SET COLLATION_CONNECTION=@OLD_COLLATION_CONNECTION */;
/*!40111 SET SQL_NOTES=@OLD_SQL_NOTES */;

-- Dump completed on 2024-09-04 17:32:24
